modo,N,p,param,t_seq,t_par,t_parte_seq,S,E,C,F
desbalance,40000,1,dynamic,0.049127,0.049058,0.0,1.001,1.001,0.049058,20.41
desbalance,40000,2,dynamic,0.049127,0.025756,0.0,1.907,0.954,0.051512,37.03
desbalance,40000,3,dynamic,0.049127,0.017751,0.0,2.768,0.923,0.053253,51.97
desbalance,40000,4,dynamic,0.049127,0.013828,0.0,3.553,0.888,0.055312,64.23
desbalance,40000,5,dynamic,0.049127,0.011587,0.0,4.240,0.848,0.057935,73.18
desbalance,40000,6,dynamic,0.049127,0.010377,0.0,4.734,0.789,0.062262,76.04
desbalance,40000,7,dynamic,0.049127,0.009226,0.0,5.325,0.761,0.064582,82.45
desbalance,40000,8,dynamic,0.049127,0.008265,0.0,5.944,0.743,0.06612,89.9
desbalance,40000,9,dynamic,0.049127,0.007496,0.0,6.554,0.728,0.067464,97.14
desbalance,40000,10,dynamic,0.049127,0.006981,0.0,7.037,0.704,0.06981,100.8
desbalance,40000,11,dynamic,0.049127,0.006577,0.0,7.470,0.679,0.072347,103.2
desbalance,40000,12,dynamic,0.049127,0.006039,0.0,8.135,0.678,0.072468,112.3
desbalance,40000,13,dynamic,0.049127,0.00564,0.0,8.710,0.670,0.07332,118.8
desbalance,40000,14,dynamic,0.049127,0.005354,0.0,9.176,0.655,0.074956,122.4
desbalance,40000,15,dynamic,0.049127,0.004879,0.0,10.069,0.671,0.073185,137.6
desbalance,40000,16,dynamic,0.049127,0.00466,0.0,10.542,0.659,0.07456,141.4
desbalance,40000,17,dynamic,0.049127,0.004449,0.0,11.042,0.650,0.075633,146
desbalance,40000,18,dynamic,0.049127,0.004093,0.0,12.003,0.667,0.073674,162.9
desbalance,40000,19,dynamic,0.049127,0.003964,0.0,12.393,0.652,0.075316,164.6
desbalance,40000,20,dynamic,0.049127,0.003817,0.0,12.871,0.644,0.07634,168.6
desbalance,40000,21,dynamic,0.049127,0.003746,0.0,13.115,0.625,0.078666,166.7
desbalance,40000,22,dynamic,0.049127,0.003664,0.0,13.408,0.609,0.080608,166.3
desbalance,40000,23,dynamic,0.049127,0.003602,0.0,13.639,0.593,0.082846,164.6
desbalance,40000,24,dynamic,0.049127,0.003262,0.0,15.060,0.628,0.078288,192.4
desbalance,40000,25,dynamic,0.049127,0.003415,0.0,14.386,0.575,0.085375,168.5
desbalance,40000,26,dynamic,0.049127,0.003368,0.0,14.586,0.561,0.087568,166.6
desbalance,40000,27,dynamic,0.049127,0.003391,0.0,14.487,0.537,0.091557,158.2
desbalance,40000,28,dynamic,0.049127,0.003315,0.0,14.820,0.529,0.09282,159.7
desbalance,40000,29,dynamic,0.049127,0.003274,0.0,15.005,0.517,0.094946,158
desbalance,40000,30,dynamic,0.049127,0.0032,0.0,15.352,0.512,0.096,159.9
desbalance,40000,31,dynamic,0.049127,0.003093,0.0,15.883,0.512,0.095883,165.7
desbalance,40000,32,dynamic,0.049127,0.003337,0.0,14.722,0.460,0.106784,137.9
desbalance,40000,1,guided,0.054883,0.054028,0.0,1.016,1.016,0.054028,18.8
desbalance,40000,2,guided,0.054883,0.02531,0.0,2.168,1.084,0.05062,42.84
desbalance,40000,3,guided,0.054883,0.018093,0.0,3.033,1.011,0.054279,55.89
desbalance,40000,4,guided,0.054883,0.01414,0.0,3.881,0.970,0.05656,68.62
desbalance,40000,5,guided,0.054883,0.011809,0.0,4.648,0.930,0.059045,78.71
desbalance,40000,6,guided,0.054883,0.010275,0.0,5.341,0.890,0.06165,86.64
desbalance,40000,7,guided,0.054883,0.009031,0.0,6.077,0.868,0.063217,96.13
desbalance,40000,8,guided,0.054883,0.007935,0.0,6.917,0.865,0.06348,109
desbalance,40000,9,guided,0.054883,0.007275,0.0,7.544,0.838,0.065475,115.2
desbalance,40000,10,guided,0.054883,0.006843,0.0,8.020,0.802,0.06843,117.2
desbalance,40000,11,guided,0.054883,0.006084,0.0,9.021,0.820,0.066924,134.8
desbalance,40000,12,guided,0.054883,0.005719,0.0,9.597,0.800,0.068628,139.8
desbalance,40000,13,guided,0.054883,0.005426,0.0,10.115,0.778,0.070538,143.4
desbalance,40000,14,guided,0.054883,0.004956,0.0,11.074,0.791,0.069384,159.6
desbalance,40000,15,guided,0.054883,0.004749,0.0,11.557,0.770,0.071235,162.2
desbalance,40000,16,guided,0.054883,0.004548,0.0,12.068,0.754,0.072768,165.8
desbalance,40000,17,guided,0.054883,0.004291,0.0,12.790,0.752,0.072947,175.3
desbalance,40000,18,guided,0.054883,0.004008,0.0,13.693,0.761,0.072144,189.8
desbalance,40000,19,guided,0.054883,0.003919,0.0,14.004,0.737,0.074461,188.1
desbalance,40000,20,guided,0.054883,0.003777,0.0,14.531,0.727,0.07554,192.4
desbalance,40000,21,guided,0.054883,0.003656,0.0,15.012,0.715,0.076776,195.5
desbalance,40000,22,guided,0.054883,0.003458,0.0,15.871,0.721,0.076076,208.6
desbalance,40000,23,guided,0.054883,0.00331,0.0,16.581,0.721,0.07613,217.8
desbalance,40000,24,guided,0.054883,0.003236,0.0,16.960,0.707,0.077664,218.4
desbalance,40000,25,guided,0.054883,0.004165,0.0,13.177,0.527,0.104125,126.6
desbalance,40000,26,guided,0.054883,0.003548,0.0,15.469,0.595,0.092248,167.7
desbalance,40000,27,guided,0.054883,0.003494,0.0,15.708,0.582,0.094338,166.5
desbalance,40000,28,guided,0.054883,0.003719,0.0,14.757,0.527,0.104132,141.7
desbalance,40000,29,guided,0.054883,0.003641,0.0,15.074,0.520,0.105589,142.8
desbalance,40000,30,guided,0.054883,0.003323,0.0,16.516,0.551,0.09969,165.7
desbalance,40000,31,guided,0.054883,0.0035,0.0,15.681,0.506,0.1085,144.5
desbalance,40000,32,guided,0.054883,0.003418,0.0,16.057,0.502,0.109376,146.8
desbalance,40000,1,static,0.049238,0.049119,0.0,1.002,1.002,0.049119,20.41
desbalance,40000,2,static,0.049238,0.03771,0.0,1.306,0.653,0.07542,17.31
desbalance,40000,3,static,0.049238,0.029792,0.0,1.653,0.551,0.089376,18.49
desbalance,40000,4,static,0.049238,0.02421,0.0,2.034,0.508,0.09684,21
desbalance,40000,5,static,0.049238,0.020139,0.0,2.445,0.489,0.100695,24.28
desbalance,40000,6,static,0.049238,0.016708,0.0,2.947,0.491,0.100248,29.4
desbalance,40000,7,static,0.049238,0.015332,0.0,3.211,0.459,0.107324,29.92
desbalance,40000,8,static,0.049238,0.014122,0.0,3.487,0.436,0.112976,30.86
desbalance,40000,9,static,0.049238,0.012492,0.0,3.942,0.438,0.112428,35.06
desbalance,40000,10,static,0.049238,0.01058,0.0,4.654,0.465,0.1058,43.99
desbalance,40000,11,static,0.049238,0.010301,0.0,4.780,0.435,0.113311,42.18
desbalance,40000,12,static,0.049238,0.010455,0.0,4.710,0.392,0.12546,37.54
desbalance,40000,13,static,0.049238,0.009301,0.0,5.294,0.407,0.120913,43.78
desbalance,40000,14,static,0.049238,0.008437,0.0,5.836,0.417,0.118118,49.41
desbalance,40000,15,static,0.049238,0.008361,0.0,5.889,0.393,0.125415,46.96
desbalance,40000,16,static,0.049238,0.008139,0.0,6.050,0.378,0.130224,46.46
desbalance,40000,17,static,0.049238,0.007812,0.0,6.303,0.371,0.132804,47.46
desbalance,40000,18,static,0.049238,0.007431,0.0,6.626,0.368,0.133758,49.54
desbalance,40000,19,static,0.049238,0.006548,0.0,7.520,0.396,0.124412,60.44
desbalance,40000,20,static,0.049238,0.006251,0.0,7.877,0.394,0.12502,63
desbalance,40000,21,static,0.049238,0.006093,0.0,8.081,0.385,0.127953,63.16
desbalance,40000,22,static,0.049238,0.005902,0.0,8.343,0.379,0.129844,64.25
desbalance,40000,23,static,0.049238,0.005607,0.0,8.782,0.382,0.128961,68.09
desbalance,40000,24,static,0.049238,0.005496,0.0,8.959,0.373,0.131904,67.92
desbalance,40000,25,static,0.049238,0.005439,0.0,9.053,0.362,0.135975,66.58
desbalance,40000,26,static,0.049238,0.004944,0.0,9.959,0.383,0.128544,77.48
desbalance,40000,27,static,0.049238,0.00502,0.0,9.808,0.363,0.13554,72.37
desbalance,40000,28,static,0.049238,0.005127,0.0,9.604,0.343,0.143556,66.9
desbalance,40000,29,static,0.049238,0.005266,0.0,9.350,0.322,0.152714,61.23
desbalance,40000,30,static,0.049238,0.004602,0.0,10.699,0.357,0.13806,77.5
desbalance,40000,31,static,0.049238,0.005101,0.0,9.653,0.311,0.158131,61.04
desbalance,40000,32,static,0.049238,0.005009,0.0,9.830,0.307,0.160288,61.33
