modo,N,p,param,t_seq,t_par,t_parte_seq
amdahl,400000,1,fp=0.75,0.511521,0.524324,0.131336
amdahl,400000,2,fp=0.75,0.511521,0.330707,0.135620
amdahl,400000,3,fp=0.75,0.511521,0.264902,0.129629
amdahl,400000,4,fp=0.75,0.511521,0.231156,0.131080
amdahl,400000,5,fp=0.75,0.511521,0.217229,0.137452
amdahl,400000,6,fp=0.75,0.511521,0.209514,0.137853
amdahl,400000,7,fp=0.75,0.511521,0.202434,0.138179
amdahl,400000,8,fp=0.75,0.511521,0.193948,0.138151
amdahl,400000,9,fp=0.75,0.511521,0.181660,0.130191
amdahl,400000,10,fp=0.75,0.511521,0.177745,0.131016
amdahl,400000,11,fp=0.75,0.511521,0.172866,0.131109
amdahl,400000,12,fp=0.75,0.511521,0.169423,0.131031
amdahl,400000,13,fp=0.75,0.511521,0.175823,0.138075
amdahl,400000,14,fp=0.75,0.511521,0.172244,0.137271
amdahl,400000,15,fp=0.75,0.511521,0.170065,0.137229
amdahl,400000,16,fp=0.75,0.511521,0.168367,0.137725
amdahl,400000,17,fp=0.75,0.511521,0.167423,0.137873
amdahl,400000,18,fp=0.75,0.511521,0.166057,0.138906
amdahl,400000,19,fp=0.75,0.511521,0.163760,0.137814
amdahl,400000,20,fp=0.75,0.511521,0.164318,0.139737
amdahl,400000,21,fp=0.75,0.511521,0.156580,0.132431
amdahl,400000,22,fp=0.75,0.511521,0.154826,0.132561
amdahl,400000,23,fp=0.75,0.511521,0.164484,0.142682
amdahl,400000,24,fp=0.75,0.511521,0.158244,0.136734
amdahl,400000,25,fp=0.75,0.511521,0.163500,0.135086
amdahl,400000,26,fp=0.75,0.511521,0.164152,0.137917
amdahl,400000,27,fp=0.75,0.511521,0.158319,0.133085
amdahl,400000,28,fp=0.75,0.511521,0.158087,0.133326
amdahl,400000,29,fp=0.75,0.511521,0.163329,0.138522
amdahl,400000,30,fp=0.75,0.511521,0.162023,0.137944
amdahl,400000,31,fp=0.75,0.511521,0.156052,0.133384
amdahl,400000,32,fp=0.75,0.511521,0.154954,0.132503
